{"cameraMode":{"drawMode":0,"name":"Shaded","section":"Shading Mode"},"sceneLighting":false,"audioPlay":false,"sceneViewState":{"m_AlwaysRefresh":false,"showFog":true,"showSkybox":false,"showFlares":true,"showImageEffects":true,"showParticleSystems":true,"showVisualEffectGraphs":true,"m_FxEnabled":true},"in2DMode":false,"pivot":{"x":1.179051160812378,"y":-1.1206756830215455,"z":1.9935109615325928},"rotation":{"x":-0.1807963252067566,"y":-0.0008999079582281411,"z":0.00010200856195297092,"w":-0.9834547638893127},"size":3.377793550491333,"orthographic":false}