{"cameraMode":{"drawMode":0,"name":"Shaded","section":"Shading Mode"},"sceneLighting":false,"audioPlay":false,"sceneViewState":{"m_AlwaysRefresh":false,"showFog":true,"showSkybox":false,"showFlares":true,"showImageEffects":true,"showParticleSystems":true,"showVisualEffectGraphs":true,"m_FxEnabled":true},"in2DMode":false,"pivot":{"x":-0.22720949351787568,"y":0.5221531391143799,"z":0.16720351576805116},"rotation":{"x":-0.05145520344376564,"y":0.6812559366226196,"z":-0.04810791090130806,"w":-0.7286491394042969},"size":1.8228334188461304,"orthographic":false}