{"cameraMode":{"drawMode":0,"name":"Shaded","section":"Shading Mode"},"sceneLighting":false,"audioPlay":false,"sceneViewState":{"m_AlwaysRefresh":false,"showFog":true,"showSkybox":false,"showFlares":true,"showImageEffects":true,"showParticleSystems":true,"showVisualEffectGraphs":true,"m_FxEnabled":true},"in2DMode":false,"pivot":{"x":4.150701522827148,"y":-2.597550630569458,"z":-0.9863207936286926},"rotation":{"x":0.037486907094717029,"y":0.014988915994763375,"z":-0.0005623593460768461,"w":0.9991852641105652},"size":0.8660253882408142,"orthographic":false}