{"cameraMode":{"drawMode":0,"name":"Shaded","section":"Shading Mode"},"sceneLighting":false,"audioPlay":false,"sceneViewState":{"m_AlwaysRefresh":false,"showFog":true,"showSkybox":false,"showFlares":true,"showImageEffects":true,"showParticleSystems":true,"showVisualEffectGraphs":true,"m_FxEnabled":true},"in2DMode":false,"pivot":{"x":12.092533111572266,"y":1.4853535890579224,"z":5.244828224182129},"rotation":{"x":-0.08404354751110077,"y":0.8147016763687134,"z":-0.12213946133852005,"w":-0.5606022477149963},"size":1.7605445384979249,"orthographic":false}