{"cameraMode":{"drawMode":0,"name":"Shaded","section":"Shading Mode"},"sceneLighting":false,"audioPlay":false,"sceneViewState":{"m_AlwaysRefresh":false,"showFog":true,"showSkybox":false,"showFlares":true,"showImageEffects":true,"showParticleSystems":true,"showVisualEffectGraphs":true,"m_FxEnabled":true},"in2DMode":false,"pivot":{"x":0.6203875541687012,"y":1.8191579580307007,"z":1.836617112159729},"rotation":{"x":-0.02042323350906372,"y":-0.5414587259292603,"z":0.013179597444832325,"w":-0.8403018712997437},"size":3.0419042110443117,"orthographic":false}