{"cameraMode":{"drawMode":0,"name":"Shaded","section":"Shading Mode"},"sceneLighting":false,"audioPlay":false,"sceneViewState":{"m_AlwaysRefresh":false,"showFog":true,"showSkybox":false,"showFlares":true,"showImageEffects":true,"showParticleSystems":true,"showVisualEffectGraphs":true,"m_FxEnabled":true},"in2DMode":false,"pivot":{"x":0.03402268886566162,"y":0.9805752038955689,"z":0.050022125244140628},"rotation":{"x":-0.03349369391798973,"y":0.2714744508266449,"z":-0.009455962106585503,"w":-0.9618115425109863},"size":3.267176866531372,"orthographic":false}