{"cameraMode":{"drawMode":0,"name":"Shaded","section":"Shading Mode"},"sceneLighting":false,"audioPlay":false,"sceneViewState":{"m_AlwaysRefresh":false,"showFog":true,"showSkybox":false,"showFlares":true,"showImageEffects":true,"showParticleSystems":true,"showVisualEffectGraphs":true,"m_FxEnabled":true},"in2DMode":false,"pivot":{"x":-0.09650347381830216,"y":-0.2535817325115204,"z":-0.23476651310920716},"rotation":{"x":-0.00013046289677731693,"y":0.9990475177764893,"z":-0.04348587989807129,"w":-0.0029971508774906399},"size":2.6815860271453859,"orthographic":false}