{"cameraMode":{"drawMode":0,"name":"Shaded","section":"Shading Mode"},"sceneLighting":false,"audioPlay":false,"sceneViewState":{"m_AlwaysRefresh":false,"showFog":true,"showSkybox":false,"showFlares":true,"showImageEffects":true,"showParticleSystems":true,"showVisualEffectGraphs":true,"m_FxEnabled":true},"in2DMode":false,"pivot":{"x":0.4338495135307312,"y":-9.091586112976075,"z":4.382022380828857},"rotation":{"x":-0.0001754898257786408,"y":0.999768078327179,"z":0.019497960805892946,"w":0.008998159319162369},"size":0.2771279811859131,"orthographic":false}